title,location,link
Title,location,https://apply.workable.com/columbia-road/j/80B8E4CED9
Title,location,https://apply.workable.com/codexitos/j/2DF8E7C120
Title,location,https://apply.workable.com/cliniko/j/B362081BC0
Title,location,https://apply.workable.com/stackbuilders/j/0679B42B81
Title,location,https://apply.workable.com/vizrt/j/96AFE41102
Title,location,https://apply.workable.com/people-in-need-2/j/FF6E347431
Title,location,https://apply.workable.com/codexitos/j/9E1854645A
Title,location,https://apply.workable.com/peoplecert/j/EE341683DC
Title,location,https://apply.workable.com/digihey/j/3F3B1619BE
Title,location,https://apply.workable.com/formi/j/E0E6136667
Title,location,https://apply.workable.com/role-scale/j/BB0E0BEA60
Title,location,https://apply.workable.com/insignis-cash-solutions/j/C297E6F40C
Title,location,https://apply.workable.com/caryrx/j/1594DCF65E
Title,location,https://apply.workable.com/lengow/j/31FD553D06
Title,location,https://apply.workable.com/people-in-need-2/j/FF6E347431/apply
Title,location,https://apply.workable.com/itrs/j/3C823F4C12
Title,location,https://apply.workable.com/more-com/j/37DD24C30A
Title,location,https://apply.workable.com/wallexexchange/j/4A6ED9B57F
Title,location,https://apply.workable.com/focusrite/j/35ABAE67D7
Title,location,https://apply.workable.com/juganu/j/C9AF48886A
Title,location,https://apply.workable.com/nuvei/j/F0B68F4BC5
Title,location,https://apply.workable.com/statussolutions/j/AA98FD3C99
Title,location,https://apply.workable.com/nuvei/j/36727C66DB
Title,location,https://apply.workable.com/vavacars/j/8B1DFBA3B8
Title,location,https://apply.workable.com/dotactiv/j/D500FEE0BD
Title,location,https://apply.workable.com/therapynotes/j/A8E9C224EC
Title,location,https://apply.workable.com/callminer/j/D016A5357C
Title,location,https://apply.workable.com/nuvei/j/0475058439
Title,location,https://apply.workable.com/crewbloom-1/j/000693AD90
Title,location,https://apply.workable.com/hr-logics/j/89F13A6241
Title,location,https://apply.workable.com/scitec/j/3CC5F77BF2
Title,location,https://apply.workable.com/cordys-analytics/j/DBEF86528E
Title,location,https://apply.workable.com/wings-ict-solutions/j/6F4DEDC467
Title,location,https://apply.workable.com/rystad-energy/j/748B6D7153
Title,location,https://apply.workable.com/mitiga-solutions/j/537CA516B2
Title,location,https://apply.workable.com/iceye/j/84C6AFB26A
Title,location,https://apply.workable.com/gemone/j/23B95BB6DE
Title,location,https://apply.workable.com/houseful/j/91ACAE68EB
Title,location,https://apply.workable.com/oxa/j/78D6BC9F33
Title,location,https://apply.workable.com/builderai/j/1E40916989
Title,location,https://apply.workable.com/oxa/j/F019E4C1E4
Title,location,https://apply.workable.com/portswigger/j/5AFB1078F3
Title,location,https://apply.workable.com/oritain/j/B83419CDB2
Title,location,https://apply.workable.com/perryweather/j/D68BBD86BE
Title,location,https://apply.workable.com/faptic-tech/j/1A08FBE203
Title,location,https://apply.workable.com/huawei-telekomunikasyon-dis-ticaret-ltd/j/A9DEF10267
Title,location,https://apply.workable.com/earthlinktele/j/A37BB1B073
Title,location,https://apply.workable.com/volt-16/j/835D3258CD
Title,location,https://apply.workable.com/confused-com/j/E605E8D626
Title,location,https://apply.workable.com/aldebaran-urg/j/B677C4C27C
Title,location,https://apply.workable.com/insignis-cash-solutions/j/C297E6F40C/apply
Title,location,https://apply.workable.com/forward-xp/j/34E0165A70
Title,location,https://apply.workable.com/huawei-telekomunikasyon-dis-ticaret-ltd/j/F8C78E4806
Title,location,https://apply.workable.com/itrs/j/2FBD06A9C9
Title,location,https://apply.workable.com/mozn-ai/j/71E06AD8D5
Title,location,https://apply.workable.com/vectornorthamerica/j/6405A3D63B
Title,location,https://apply.workable.com/vayyar/j/A7A042AAB3
Title,location,https://apply.workable.com/liberty-fox-tech/j/8424BA70C1
Title,location,https://apply.workable.com/decisions/j/AFD6348556
Title,location,https://apply.workable.com/fivecubes/j/0F9DCFD50F
Title,location,https://apply.workable.com/plentific/j/4413614AEA
Title,location,https://apply.workable.com/futurex-1/j/253A5C215F
Title,location,https://apply.workable.com/luggage-drop/j/74EF7FABF5
Title,location,https://apply.workable.com/fivecubes/j/DF82C70509
Title,location,https://apply.workable.com/printec/j/735FB4D3A4
Title,location,https://apply.workable.com/ecfx/j/D7EB2F0AA6
Title,location,https://apply.workable.com/viva/j/A4CB6EBC9D
Title,location,https://apply.workable.com/accessgenie/j/DDFA437FFD
Title,location,https://apply.workable.com/employment-hero/j/D5A54A711B
Title,location,https://apply.workable.com/cubic-telecom/j/8F2B723233
Title,location,https://apply.workable.com/plentific/j/EAA56044CE
Title,location,https://apply.workable.com/oxa/j/53973F760C
Title,location,https://apply.workable.com/bluecloud-technologies/j/7E9F05041E
Title,location,https://apply.workable.com/oxa/j/A8ECC08A8E
Title,location,https://apply.workable.com/ccri/j/983FC891ED
Title,location,https://apply.workable.com/near-sea-technologies/j/FF6B10C67D
Title,location,https://apply.workable.com/skilllab/j/264B629A0B
Title,location,https://apply.workable.com/underground-administration/j/FB17D31344
Title,location,https://apply.workable.com/zenrows/j/D966337B30
Title,location,https://apply.workable.com/fivecubes/j/B219BC0CF4
Title,location,https://apply.workable.com/arpu-telecommunication-services/j/A313D9FC1E
Title,location,https://apply.workable.com/ripjar/j/11597B425F
Title,location,https://apply.workable.com/tocos/j/6D5CAA18E5
Title,location,https://apply.workable.com/hitec-ups/j/C6D378CA18
Title,location,https://apply.workable.com/intellectsoft/j/206AE18208
Title,location,https://apply.workable.com/test-intrare/j/A00ACDEBE1
Title,location,https://apply.workable.com/sidetrade/j/340F70C091
Title,location,https://apply.workable.com/fiveteams-ug/j/2179D26A21/apply
Title,location,https://apply.workable.com/lmax/j/FE920A39DA
Title,location,https://apply.workable.com/test-intrare/j/A00ACDEBE1/apply
Title,location,https://apply.workable.com/sidetrade/j/DA7B367B3F
Title,location,https://apply.workable.com/mellongroup/j/6AF7CD4AD7
Title,location,https://apply.workable.com/idoven/j/EF1160B5E8
Title,location,https://apply.workable.com/walaris/j/DE95F7ED5B/apply
Title,location,https://apply.workable.com/threefivetwo/j/6090E02BF6
Title,location,https://apply.workable.com/deep-knowledge-group-1/j/28D2E395CC/apply
Title,location,https://apply.workable.com/fivecubes/j/0F9DCFD50F/apply
Title,location,https://apply.workable.com/kube-pak/j/53C9E26B9F
Title,location,https://apply.workable.com/foundry/j/E730DB2F7E
Title,location,https://apply.workable.com/oritain/j/B83419CDB2
Title,location,https://apply.workable.com/peaksware/j/C61F1A582A
Title,location,https://apply.workable.com/formi/j/E0E6136667
Title,location,https://apply.workable.com/fuse-integration/j/14EB33A57F
Title,location,https://apply.workable.com/faptic-tech/j/1A08FBE203
Title,location,https://apply.workable.com/earthlinktele/j/800F9357AB
Title,location,https://apply.workable.com/itrs/j/2FBD06A9C9
Title,location,https://apply.workable.com/aperioglobal/j/007708680F
Title,location,https://apply.workable.com/jump/j/3C7EFE6170
Title,location,https://apply.workable.com/underground-administration/j/94EABC2CF7
Title,location,https://apply.workable.com/skeletontech/j/83EBC8644C
Title,location,https://apply.workable.com/careers/j/5656BF6FBE
Title,location,https://apply.workable.com/oxa/j/A8ECC08A8E
Title,location,https://apply.workable.com/aldebaran-urg/j/B677C4C27C
Title,location,https://apply.workable.com/clarityi/j/D437251942
Title,location,https://apply.workable.com/iceye/j/84C6AFB26A
Title,location,https://apply.workable.com/hitec-ups/j/C6D378CA18
Title,location,https://apply.workable.com/biscom/j/8BBD33E8D0
Title,location,https://apply.workable.com/symsoft-solutions/j/2982C238E7/apply
Title,location,https://apply.workable.com/underground-administration/j/FB17D31344
Title,location,https://apply.workable.com/chariot-solutions/j/1E6C0BB2C5
Title,location,https://apply.workable.com/ssci/j/86697E41C8
Title,location,https://apply.workable.com/ccri/j/5D88B6612D
Title,location,https://apply.workable.com/systems-engineering-solutions-corporation/j/B555976539
Title,location,https://apply.workable.com/workmotion/j/0FBB83D9C2
Title,location,https://apply.workable.com/outdoorsy/j/F4859CAA28
Title,location,https://apply.workable.com/scitec/j/E77C0C00A1
Title,location,https://apply.workable.com/confused-com/j/E605E8D626
Title,location,https://apply.workable.com/popid/j/8EC95200C7
Title,location,https://apply.workable.com/caret/j/5A33B9B672
Title,location,https://apply.workable.com/mindex/j/FB70676166
Title,location,https://apply.workable.com/softheon/j/59C04CBE08
Title,location,https://apply.workable.com/batelle-inc/j/DDD8E6470F
Title,location,https://apply.workable.com/mindex/j/B679CD9642
Title,location,https://apply.workable.com/plentific/j/4413614AEA
Title,location,https://apply.workable.com/codeninjapk/j/E201CB90B3
Title,location,https://apply.workable.com/ssci/j/59224DDB8F
Title,location,https://apply.workable.com/skilllab/j/264B629A0B
Title,location,https://apply.workable.com/digital-control/j/949DF0F6EF
Title,location,https://apply.workable.com/idea-entity/j/D4778D3026/apply
Title,location,https://apply.workable.com/idoven/j/EF1160B5E8
Title,location,https://apply.workable.com/mozn-ai/j/71E06AD8D5
Title,location,https://apply.workable.com/anderson-optimization/j/F890CB2447/apply
Title,location,https://apply.workable.com/fivecubes/j/DF82C70509
Title,location,https://apply.workable.com/earthlinktele/j/A37BB1B073
Title,location,https://apply.workable.com/sonera/j/702B75FE9E
Title,location,https://apply.workable.com/oxa/j/8F9610700A
Title,location,https://apply.workable.com/iceye/j/BE1A4F336A
Title,location,https://apply.workable.com/oxa/j/5046A8D05F
Title,location,https://apply.workable.com/hydrosat/j/3E669F0769
Title,location,https://apply.workable.com/loopme/j/457694C754
Title,location,https://apply.workable.com/magicrecruitment/j/FBBD50A8E7
Title,location,https://apply.workable.com/workmotion/j/CFEFA9E66F
Title,location,https://apply.workable.com/rokt/j/062F88AC45
Title,location,https://apply.workable.com/navarro-inc/j/DC79D4E103
Title,location,https://apply.workable.com/focusrite/j/7F1BFC05F2
Title,location,https://apply.workable.com/peernova/j/9608369F5D
Title,location,https://apply.workable.com/printec/j/735FB4D3A4
Title,location,https://apply.workable.com/analytic-solutions-group/j/029A1E77C5
Title,location,https://apply.workable.com/betterview/j/21ABD17063
Title,location,https://apply.workable.com/aristotle/j/0B5D71A58C
Title,location,https://apply.workable.com/digihey/j/3F3B1619BE
Title,location,https://apply.workable.com/juganu/j/C9AF48886A
Title,location,https://apply.workable.com/oxa/j/78D6BC9F33
Title,location,https://apply.workable.com/accessgenie/j/DDFA437FFD
Title,location,https://apply.workable.com/tapcheck/j/72C85F65E3
Title,location,https://apply.workable.com/mercari/j/4F2037A1E9
Title,location,https://apply.workable.com/the-guarantors/j/8DC4F1CDF3
Title,location,https://apply.workable.com/garrison/j/AEF6CC7C2C
Title,location,https://apply.workable.com/shepherdcareers/j/3BAB081186
Title,location,https://apply.workable.com/near-sea-technologies/j/FF6B10C67D
Title,location,https://apply.workable.com/role-scale/j/BB0E0BEA60/apply
Title,location,https://apply.workable.com/visium/j/3C342863A4
Title,location,https://apply.workable.com/allen-vanguard/j/2BFFFEA2FE
Title,location,https://apply.workable.com/viva/j/48C51FA172
Title,location,https://apply.workable.com/test-intrare/j/A00ACDEBE1
Title,location,https://apply.workable.com/qatalog/j/5841E4A3C4
Title,location,https://apply.workable.com/builderai/j/DD42C2334B
Title,location,https://apply.workable.com/fivecubes/j/05B0574B7F
Title,location,https://apply.workable.com/fivecubes/j/766DB37F78
Title,location,https://apply.workable.com/popid/j/3301E358D0
Title,location,https://apply.workable.com/joinmakropro/j/577457F07C
Title,location,https://apply.workable.com/axur/j/AE8F0F6430
Title,location,https://apply.workable.com/aviture/j/8B04264394
Title,location,https://apply.workable.com/sinch/j/D422CE697E
Title,location,https://apply.workable.com/aviture/j/124B7B4412
Title,location,https://apply.workable.com/vaticle/j/6DFC830985
Title,location,https://apply.workable.com/payzer/j/E4170A1DC9
Title,location,https://apply.workable.com/fivecubes/j/F87BC293F8
Title,location,https://apply.workable.com/cti-jobs/j/A9E5A95FA5
Title,location,https://apply.workable.com/leading-path-consulting/j/78AC53BD2F
Title,location,https://apply.workable.com/detroitlabs/j/A60D0FE6C6/apply
Title,location,https://apply.workable.com/genetec-inc/j/9BA92ACA4C
Title,location,https://apply.workable.com/leading-path-consulting/j/5278AB7BEB
Title,location,https://apply.workable.com/threefivetwo/j/1C39EDF067
Title,location,https://apply.workable.com/huckberry/j/1D8DA3D411
Title,location,https://apply.workable.com/chemix/j/1A6EBFA15F
Title,location,https://apply.workable.com/gemone/j/23B95BB6DE/apply
Title,location,https://apply.workable.com/jump/j/3C7EFE6170
Title,location,https://apply.workable.com/webitservices/j/9454E15F19
Title,location,https://apply.workable.com/oxa/j/E534DEE4A8
Title,location,https://apply.workable.com/iceye/j/BE1A4F336A
Title,location,https://apply.workable.com/itrs/j/94FB3B01BB
Title,location,https://apply.workable.com/chronograph/j/496FB28A2C
Title,location,https://apply.workable.com/cuberm/j/4348C4F99B
Title,location,https://apply.workable.com/vision-point-systems-inc/j/F6EBEE92DF/apply
Title,location,https://apply.workable.com/magicrecruitment/j/FBBD50A8E7
Title,location,https://apply.workable.com/lmax/j/60A4C65C24/apply
Title,location,https://apply.workable.com/mealsuite/j/42276F3DC8/apply
Title,location,https://apply.workable.com/vaticle/j/6DFC830985
Title,location,https://apply.workable.com/leading-path-consulting/j/04B65037DB
Title,location,https://apply.workable.com/forward-partners-3/j/4C2C1D2F47
Title,location,https://apply.workable.com/builderai/j/DD42C2334B
Title,location,https://apply.workable.com/starling-bank/j/74C5C16D6C
Title,location,https://apply.workable.com/oxa/j/53973F760C
Title,location,https://apply.workable.com/viva/j/5DF6FE9763
Title,location,https://apply.workable.com/joinmakropro/j/577457F07C
Title,location,https://apply.workable.com/digital-control/j/949DF0F6EF
Title,location,https://apply.workable.com/popid/j/8EC95200C7
Title,location,https://apply.workable.com/e-travel-sa-1/j/08BEEB2FB9
Title,location,https://apply.workable.com/euronet-worldwide-inc/j/46E99AF550
Title,location,https://apply.workable.com/mellongroup/j/6AF7CD4AD7
Title,location,https://apply.workable.com/fido-1/j/DEDA5AA610
Title,location,https://apply.workable.com/openvolt/j/4FB682E4B5
Title,location,https://apply.workable.com/codexitos/j/0615C12A31/apply
Title,location,https://apply.workable.com/amsum-technologies/j/828BD92DA2/apply
Title,location,https://apply.workable.com/walaris/j/DE95F7ED5B/apply
Title,location,https://apply.workable.com/smartnews/j/C7C1B211D1
Title,location,https://apply.workable.com/crisp-thinking/j/1EBFE04B87
Title,location,https://apply.workable.com/ccri/j/33BB33396B
Title,location,https://apply.workable.com/aerocloud-systems/j/B76F6791FB
Title,location,https://apply.workable.com/focusrite/j/7F1BFC05F2
Title,location,https://apply.workable.com/lengow/j/BE70BA4158
Title,location,https://apply.workable.com/huawei-telekomunikasyon-dis-ticaret-ltd/j/E57DC94EA0/apply
Title,location,https://apply.workable.com/columbia-road/j/A2577FBCD8
Title,location,https://apply.workable.com/j/51498A4622
Title,location,https://apply.workable.com/accessgenie/j/DDFA437FFD/apply
Title,location,https://apply.workable.com/leading-path-consulting/j/4D9CA79286
Title,location,https://apply.workable.com/earthlinktele/j/800F9357AB
Title,location,https://apply.workable.com/mellongroup/j/B288F99832
Title,location,https://apply.workable.com/tapcheck/j/9994F1E593
Title,location,https://apply.workable.com/itrs/j/3C823F4C12/apply
Title,location,https://apply.workable.com/employment-hero/j/061C2F9BF5
Title,location,https://apply.workable.com/oxa/j/05C6C1F3FC
Title,location,https://apply.workable.com/deep-knowledge-group-1/j/28D2E395CC/apply
Title,location,https://apply.workable.com/accessgenie/j/2C31C86E7D
Title,location,https://apply.workable.com/hypotenuse-labs/j/0329735571/apply
Title,location,https://apply.workable.com/tapcheck/j/72C85F65E3
Title,location,https://apply.workable.com/xe/j/3D9A15C7A5
Title,location,https://apply.workable.com/fivecubes/j/05B0574B7F
Title,location,https://apply.workable.com/terlumina/j/B74DEEFAFA/apply
Title,location,https://apply.workable.com/mmr/j/28F91ED665
Title,location,https://apply.workable.com/uswitch/j/65689DD7F5
Title,location,https://apply.workable.com/itrs/j/2FBD06A9C9/apply
Title,location,https://apply.workable.com/vaticle/j/921223963F
Title,location,https://apply.workable.com/freemodel/j/82BCFB2850
Title,location,https://apply.workable.com/idoven/j/EF1160B5E8
Title,location,https://apply.workable.com/viva/j/A942A59894
Title,location,https://apply.workable.com/systems-engineering-solutions-corporation/j/B555976539
Title,location,https://apply.workable.com/atb-financial/j/202A9CCA47
Title,location,https://apply.workable.com/northstrat/j/51765E099A
Title,location,https://apply.workable.com/clarity-ai/j/A492098CF1?utm_source=Seaya+job+board&utm_medium=getro.com&gh_src=Seaya+job+board
Title,location,https://apply.workable.com/viva/j/48C51FA172
Title,location,https://apply.workable.com/ryanair/j/745FB89169/apply
Title,location,https://apply.workable.com/viva/j/A62A9A1037
Title,location,https://apply.workable.com/mozn-ai/j/71E06AD8D5
Title,location,https://apply.workable.com/ttp/j/AED0FE31F5
Title,location,https://apply.workable.com/decisions/j/AFD6348556/apply
Title,location,https://apply.workable.com/project-canary/j/438F5E74E7
Title,location,https://apply.workable.com/alice-bob/j/83599359CC
Title,location,https://apply.workable.com/idea-entity/j/7F7B21D9A8
Title,location,https://apply.workable.com/dew-software/j/1A8866C779
Strats Python Developer,"London, UK",https://pythonjobs.github.io//jobs/hbk-strats-developer.html
Python Software Developer,"Remote, UK-only",https://pythonjobs.github.io//jobs/open-data-services-co-operative-python-software-developer.html
"Senior Software Engineer, Back-End (Remote)","Galway, Ireland, Remote",https://pythonjobs.github.io//jobs/oomnitza-back-end-sw-enginneer-irl-remote.html
Python Backend Engineer,Remote,https://pythonjobs.github.io//jobs/bmat-python-backend-engineer.html
Senior Backend Engineer,Remote,https://pythonjobs.github.io//jobs/bmat-senior-backend-engineer.html
Senior Frontend Engineer at Alma Mental Health Care,"Location: Remote, US",https://boards.greenhouse.io/alma/jobs/6980506002
Lead Full Stack Engineer at FullStack Labs,"Location: Remote, US",https://jobs.lever.co/fullstacklabs/830640a1-b124-4521-80cc-ec1d3f83410a
Senior Software Developer at Crossref,Location: Remote,https://100hires.com/j/9b3anri/apply
Ruby-on-Rails Engineer at Shift4 Payments,"Location: Remote, US",https://boards.greenhouse.io/shift4/jobs/4087987007
"Staff Backend Engineer, Navigation at Included Health","Location: Remote, US",https://jobs.lever.co/includedhealth/b86a1bdf-d661-4748-bec1-d1d5919d4577
"Senior Full Stack Engineer, Python at Calendly","Location: Remote, US",https://careers.calendly.com/jobs/job/645-senior-full-stack-engineer-python/?gh_jid=6959009002
Software Engineering Director at Canonical,"Location: Remote, Work from Anywhere",https://boards.greenhouse.io/canonical/jobs/5211861?gh_src=yjbya3l51
Software Engineer at Kraken,"Location: Remote, Work from Anywhere",https://jobs.lever.co/kraken/ac0d544a-262d-4b05-845b-51dc4088b693
Senior Software Engineer at Zuddl,Location: Remote,https://zuddl.keka.com/careers/jobdetails/44151
"Software Engineer, Backend at Human Interest","Location: Remote, US",https://boards.greenhouse.io/humaninterest/jobs/5427820
Advanced AI Trainer Software Development at Invisible Technologies,"Location: Remote, Work from Anywhere",https://boards.eu.greenhouse.io/invisibletech/jobs/4231685101
Senior Full Stack Developer at Zuddl,Location: Remote,https://zuddl.keka.com/careers/jobdetails/44151
Senior Backend Engineer – Underwriting at Coalition,"Location: Remote, US",https://boards.greenhouse.io/coalition/jobs/4325524005
Sr Frontend Engineer at Splice Music,"Location: Remote, US",https://boards.greenhouse.io/splice/jobs/6962490002
Back-End Engineer – Ruby and Ruby on Rails at Mozilla,"Location: Remote, US",https://boards.greenhouse.io/mozilla/jobs/5358859
"Product Engineer, Fullstack at Subspace Labs","Location: Remote, Work from Anywhere",https://jobs.lever.co/subspacelabs/d2656df4-1b49-4028-8870-acfebeeec05a
"Title: Web Frontend Engineer – JS, CSS, React, Flutter at Canonical","Location: Remote, Work from Anywhere",https://boards.greenhouse.io/canonical/jobs/5150422?gh_src=yjbya3l51
Embedded Software Engineer at Canonical,"Location: Remote, Work from Anywhere",https://boards.greenhouse.io/canonical/jobs/5140562?gh_src=yjbya3l51
Senior Back End Software Engineer at Cloudbeds,"Location: Remote, US Canada",https://boards.greenhouse.io/cloudbeds/jobs/4325397005
"Sr. Frontend Engineer, SEO at Hims & Hers Health, Inc.","Location: Remote, US",https://boards.greenhouse.io/himshers/jobs/6963496002
DevSecOps Engineer at Kraken,"Location: Remote, Work from Anywhere",https://jobs.lever.co/kraken/72cde85f-810b-4722-b36e-8a8938ffe48d
"Software Engineer, Innovation Department at Casetext","Location: Remote, US",https://boards.greenhouse.io/casetext/jobs/4318345005
Senior Staff Software Engineer at Mozilla,"Location: Remote, Work from Anywhere",https://boards.greenhouse.io/mozilla/jobs/5398471
Senior Software Engineer – Full Stack at Polly.io,"Location: Remote, US",https://jobs.lever.co/pollyex/706f6d81-c38b-42c2-99a0-aba4cd1232f9
Senior DevOps Engineer at Kraken,"Location: Remote, Work from Anywhere",https://jobs.lever.co/kraken/e5688d2d-b64d-4814-8197-21bfc4a033ac
"Senior Backend Engineer, Product Analytics at GitLab","Location: Remote, US",https://boards.greenhouse.io/gitlab/jobs/6955172002
Senior Backend Developer at Marketcircle,"Location: Remote, Work from Anywhere",https://jobs.lever.co/marketcircle/040fb9b6-18e4-4f40-a119-6005bc247920
"Senior Front-end Engineer at Circle - CircleCo, Inc.","Location: Remote, Work from Anywhere",https://jobs.lever.co/circleco/eaf67425-ee56-41d4-a77d-219261aced02
Senior Software Engineer at Wild Alaskan Company,"Location: Remote, US",https://boards.greenhouse.io/wildalaskancompany/jobs/4987961004
Senior Software Engineer – Full-Stack at Veeva,"Location: Remote, Work from Anywhere",https://jobs.lever.co/veeva/125377d1-18ae-40a9-ba34-db5a29eca44f
Staff Platform Software Engineer (Go/ Ruby) at EasyPost,"Location: Remote, US",https://jobs.lever.co/easypost-2/30c48d59-28e9-4af7-9216-d01c1512a5f2
Senior Full Stack PHP-JS Developer at FluentU,"Location: Remote, Work from Anywhere",https://fluentu.slab.com/public/posts/job-senior-full-stack-php-js-developer-product-blog-ik2ybku9
"Full Stack Software Engineer at Health Data Vision, Inc. - HDVI","Location: Remote, US",https://reveleer.breezy.hr/p/96ffe66724d7-full-stack-software-engineer
Senior Ruby on Rails & React Developer at Lemon.io,Location: Remote,https://lemon.io/escape-the-matrix/?utm_source=remote_co_automatical&utm_medium=job_ad&utm_campaign=supply_en_fullstack_ruby/react_sep_2023_job_ad
Lead TypeScript/React Engineer at AnswerRocket,Location: Remote,https://apply.workable.com/answerrocket/j/6F1C95066C/
Senior Full-Stack Engineer at SimplePractice,"Location: Remote, US",https://www.simplepractice.com/careers-list/?gh_jid=4974428004
Senior Full Stack Engineer (Rails/Nuxt) at LegalNature,"Location: Remote, US",https://apply.workable.com/legalnature/j/2913F7E035/
Frontend Developer at BookingSync,"Location: Remote, Work from Anywhere",https://bookingsync.bamboohr.com/careers/30
Backend Engineer at vidIQ,"Location: Remote, Work from Anywhere",https://careers.vidiq.com/o/backend-engineer
"Senior Software Engineer, Backend – Mobile at Iterable","Location: Remote, US",https://iterable.com/company/job/?gh_jid=5375744
"Senior Full-Stack Engineer, Payroll Integrations at Human Interest","Location: Remote, US",https://boards.greenhouse.io/humaninterest/jobs/5379803
Software Engineer – Frontend at Ramp Business Corporation,"Location: Remote, US",https://jobs.ashbyhq.com/ramp/4e64ab86-4e30-403b-b1b9-41dc052570ce
[Astra] Senior WordPress Developer at Brainstorm Force,Location: Remote,https://brainstormforce.com/join/senior-wordpress-developer/
Senior Backend Engineer – Python – Django at Cast & Crew,"Location: Remote, US",https://boards.greenhouse.io/113134/jobs/6898811002
